,sample-id,assigned,pct_assigned,unassigned_unmapped,pct_unassigned_unmapped,unassigned_read_type,pct_unassigned_read_type,unassigned_singleton,pct_unassigned_singleton,unassigned_mappingquality,pct_unassigned_mappingquality,unassigned_chimera,pct_unassigned_chimera,unassigned_fragmentlength,pct_unassigned_fragmentlength,unassigned_duplicate,pct_unassigned_duplicate,unassigned_multimapping,pct_unassigned_multimapping,unassigned_secondary,pct_unassigned_secondary,unassigned_nonsplit,pct_unassigned_nonsplit,unassigned_nofeatures,pct_unassigned_nofeatures,unassigned_overlapping_length,pct_unassigned_overlapping_length,unassigned_ambiguity,pct_unassigned_ambiguity
0,A23,8434245,58.89,0,0.0,0,0.0,0,0.0,0,0.0,0,0.0,0,0.0,0,0.0,936281,6.54,0,0.0,0,0.0,4945954,34.53,0,0.0,5435,0.04
1,A21,7534986,87.25,0,0.0,0,0.0,0,0.0,0,0.0,0,0.0,0,0.0,0,0.0,58766,0.68,0,0.0,0,0.0,1039078,12.03,0,0.0,2919,0.03
2,A12,6769696,60.28,0,0.0,0,0.0,0,0.0,0,0.0,0,0.0,0,0.0,0,0.0,251116,2.24,0,0.0,0,0.0,4205136,37.44,0,0.0,5349,0.05
3,A35,8109445,58.64,0,0.0,0,0.0,0,0.0,0,0.0,0,0.0,0,0.0,0,0.0,1300489,9.4,0,0.0,0,0.0,4414159,31.92,0,0.0,5133,0.04
4,A8,6097195,71.02,0,0.0,0,0.0,0,0.0,0,0.0,0,0.0,0,0.0,0,0.0,336367,3.92,0,0.0,0,0.0,2148604,25.03,0,0.0,3145,0.04
5,A26,7813120,90.44,0,0.0,0,0.0,0,0.0,0,0.0,0,0.0,0,0.0,0,0.0,40810,0.47,0,0.0,0,0.0,782155,9.05,0,0.0,2508,0.03
6,A45,11050449,84.03,0,0.0,0,0.0,0,0.0,0,0.0,0,0.0,0,0.0,0,0.0,120591,0.92,0,0.0,0,0.0,1973332,15.01,0,0.0,6515,0.05
7,A39,7117811,49.36,0,0.0,0,0.0,0,0.0,0,0.0,0,0.0,0,0.0,0,0.0,367289,2.55,0,0.0,0,0.0,6929868,48.06,0,0.0,5253,0.04
8,A37,7032869,68.05,0,0.0,0,0.0,0,0.0,0,0.0,0,0.0,0,0.0,0,0.0,364713,3.53,0,0.0,0,0.0,2934320,28.39,0,0.0,2799,0.03
9,A38,5926688,86.46,0,0.0,0,0.0,0,0.0,0,0.0,0,0.0,0,0.0,0,0.0,417489,6.09,0,0.0,0,0.0,509630,7.43,0,0.0,1062,0.02
10,A3,5401319,58.24,0,0.0,0,0.0,0,0.0,0,0.0,0,0.0,0,0.0,0,0.0,318280,3.43,0,0.0,0,0.0,3550892,38.29,0,0.0,4253,0.05
11,A51,10367048,72.96,0,0.0,0,0.0,0,0.0,0,0.0,0,0.0,0,0.0,0,0.0,195900,1.38,0,0.0,0,0.0,3638499,25.61,0,0.0,8315,0.06
12,A2,5222494,60.08,0,0.0,0,0.0,0,0.0,0,0.0,0,0.0,0,0.0,0,0.0,389875,4.49,0,0.0,0,0.0,3076881,35.4,0,0.0,3506,0.04
13,A44,12194087,85.97,0,0.0,0,0.0,0,0.0,0,0.0,0,0.0,0,0.0,0,0.0,160337,1.13,0,0.0,0,0.0,1824696,12.86,0,0.0,4628,0.03
14,A17,7773433,66.71,0,0.0,0,0.0,0,0.0,0,0.0,0,0.0,0,0.0,0,0.0,304012,2.61,0,0.0,0,0.0,3569304,30.63,0,0.0,5041,0.04
15,A52,6113620,69.44,0,0.0,0,0.0,0,0.0,0,0.0,0,0.0,0,0.0,0,0.0,406416,4.62,0,0.0,0,0.0,2281330,25.91,0,0.0,3165,0.04
16,A49,7702815,64.1,0,0.0,0,0.0,0,0.0,0,0.0,0,0.0,0,0.0,0,0.0,180413,1.5,0,0.0,0,0.0,4125165,34.33,0,0.0,8661,0.07
17,A18,5435577,71.46,0,0.0,0,0.0,0,0.0,0,0.0,0,0.0,0,0.0,0,0.0,428036,5.63,0,0.0,0,0.0,1740779,22.89,0,0.0,1891,0.02
18,A48,10735947,83.05,0,0.0,0,0.0,0,0.0,0,0.0,0,0.0,0,0.0,0,0.0,105750,0.82,0,0.0,0,0.0,2077187,16.07,0,0.0,8333,0.06
19,A5,8259760,69.72,0,0.0,0,0.0,0,0.0,0,0.0,0,0.0,0,0.0,0,0.0,241178,2.04,0,0.0,0,0.0,3340604,28.2,0,0.0,5021,0.04
20,A29,10009288,68.3,0,0.0,0,0.0,0,0.0,0,0.0,0,0.0,0,0.0,0,0.0,454744,3.1,0,0.0,0,0.0,4183725,28.55,0,0.0,6416,0.04
21,A32,5395069,88.44,0,0.0,0,0.0,0,0.0,0,0.0,0,0.0,0,0.0,0,0.0,301274,4.94,0,0.0,0,0.0,403590,6.62,0,0.0,590,0.01
22,A33,8823787,91.52,0,0.0,0,0.0,0,0.0,0,0.0,0,0.0,0,0.0,0,0.0,54500,0.57,0,0.0,0,0.0,760911,7.89,0,0.0,2509,0.03
23,A36,5745344,44.88,0,0.0,0,0.0,0,0.0,0,0.0,0,0.0,0,0.0,0,0.0,1505774,11.76,0,0.0,0,0.0,5545481,43.32,0,0.0,5369,0.04
24,A54,6012715,75.29,0,0.0,0,0.0,0,0.0,0,0.0,0,0.0,0,0.0,0,0.0,114828,1.44,0,0.0,0,0.0,1855851,23.24,0,0.0,2952,0.04
25,A4,7015124,53.97,0,0.0,0,0.0,0,0.0,0,0.0,0,0.0,0,0.0,0,0.0,312339,2.4,0,0.0,0,0.0,5663844,43.57,0,0.0,6824,0.05
26,A20,6594035,89.7,0,0.0,0,0.0,0,0.0,0,0.0,0,0.0,0,0.0,0,0.0,36322,0.49,0,0.0,0,0.0,718043,9.77,0,0.0,2485,0.03
27,A27,8993316,87.81,0,0.0,0,0.0,0,0.0,0,0.0,0,0.0,0,0.0,0,0.0,57116,0.56,0,0.0,0,0.0,1188193,11.6,0,0.0,3540,0.03
28,A41,6669227,78.05,0,0.0,0,0.0,0,0.0,0,0.0,0,0.0,0,0.0,0,0.0,121259,1.42,0,0.0,0,0.0,1751846,20.5,0,0.0,2507,0.03
29,A42,9724871,78.65,0,0.0,0,0.0,0,0.0,0,0.0,0,0.0,0,0.0,0,0.0,136432,1.1,0,0.0,0,0.0,2497280,20.2,0,0.0,6403,0.05
30,A10,7687673,70.36,0,0.0,0,0.0,0,0.0,0,0.0,0,0.0,0,0.0,0,0.0,281010,2.57,0,0.0,0,0.0,2954296,27.04,0,0.0,3303,0.03
31,A19,7217552,93.29,0,0.0,0,0.0,0,0.0,0,0.0,0,0.0,0,0.0,0,0.0,47842,0.62,0,0.0,0,0.0,469366,6.07,0,0.0,1607,0.02
32,A1,5881241,67.57,0,0.0,0,0.0,0,0.0,0,0.0,0,0.0,0,0.0,0,0.0,416382,4.78,0,0.0,0,0.0,2402980,27.61,0,0.0,2844,0.03
33,A53,6402664,63.15,0,0.0,0,0.0,0,0.0,0,0.0,0,0.0,0,0.0,0,0.0,279889,2.76,0,0.0,0,0.0,3450477,34.03,0,0.0,5262,0.05
34,A43,8663687,69.5,0,0.0,0,0.0,0,0.0,0,0.0,0,0.0,0,0.0,0,0.0,196598,1.58,0,0.0,0,0.0,3600211,28.88,0,0.0,6135,0.05
35,A50,9352895,81.38,0,0.0,0,0.0,0,0.0,0,0.0,0,0.0,0,0.0,0,0.0,190426,1.66,0,0.0,0,0.0,1946172,16.93,0,0.0,3818,0.03
36,A22,9525167,63.58,0,0.0,0,0.0,0,0.0,0,0.0,0,0.0,0,0.0,0,0.0,511271,3.41,0,0.0,0,0.0,4937950,32.96,0,0.0,7868,0.05
37,A15,6108035,69.68,0,0.0,0,0.0,0,0.0,0,0.0,0,0.0,0,0.0,0,0.0,431833,4.93,0,0.0,0,0.0,2222809,25.36,0,0.0,2675,0.03
38,A24,10613759,82.02,0,0.0,0,0.0,0,0.0,0,0.0,0,0.0,0,0.0,0,0.0,266346,2.06,0,0.0,0,0.0,2055869,15.89,0,0.0,4012,0.03
39,A28,8664489,69.66,0,0.0,0,0.0,0,0.0,0,0.0,0,0.0,0,0.0,0,0.0,218764,1.76,0,0.0,0,0.0,3549323,28.54,0,0.0,5128,0.04
40,A46,6044349,80.09,0,0.0,0,0.0,0,0.0,0,0.0,0,0.0,0,0.0,0,0.0,158782,2.1,0,0.0,0,0.0,1340976,17.77,0,0.0,2525,0.03
41,A16,5402131,73.09,0,0.0,0,0.0,0,0.0,0,0.0,0,0.0,0,0.0,0,0.0,589812,7.98,0,0.0,0,0.0,1397868,18.91,0,0.0,1204,0.02
42,A11,6874024,59.65,0,0.0,0,0.0,0,0.0,0,0.0,0,0.0,0,0.0,0,0.0,245111,2.13,0,0.0,0,0.0,4399610,38.18,0,0.0,5203,0.05
43,A14,6217421,68.06,0,0.0,0,0.0,0,0.0,0,0.0,0,0.0,0,0.0,0,0.0,389962,4.27,0,0.0,0,0.0,2524463,27.63,0,0.0,3334,0.04
44,A34,8985091,59.74,0,0.0,0,0.0,0,0.0,0,0.0,0,0.0,0,0.0,0,0.0,1129115,7.51,0,0.0,0,0.0,4919673,32.71,0,0.0,5526,0.04
45,A7,7213470,72.4,0,0.0,0,0.0,0,0.0,0,0.0,0,0.0,0,0.0,0,0.0,324879,3.26,0,0.0,0,0.0,2421539,24.3,0,0.0,3669,0.04
46,A30,8304745,66.52,0,0.0,0,0.0,0,0.0,0,0.0,0,0.0,0,0.0,0,0.0,266737,2.14,0,0.0,0,0.0,3908129,31.3,0,0.0,5788,0.05
47,A47,11713492,83.96,0,0.0,0,0.0,0,0.0,0,0.0,0,0.0,0,0.0,0,0.0,148089,1.06,0,0.0,0,0.0,2082431,14.93,0,0.0,7601,0.05
48,A25,9950323,89.15,0,0.0,0,0.0,0,0.0,0,0.0,0,0.0,0,0.0,0,0.0,57130,0.51,0,0.0,0,0.0,1149731,10.3,0,0.0,3947,0.04
49,A31,8346007,89.47,0,0.0,0,0.0,0,0.0,0,0.0,0,0.0,0,0.0,0,0.0,52621,0.56,0,0.0,0,0.0,926930,9.94,0,0.0,2988,0.03
